Name,SurName,booking_Count,Date_Joined
Name1,SurName1,1,2026-12-04
Name2,SurName2,1,2020-12-06
Name3,SurName3,13,2020-08-04
Name4,SurName4,36,2023-06-09
Name5,SurName5,15,2016-03-13
Name6,SurName6,19,2017-08-15
Name7,SurName7,6,2021-06-22
Name8,SurName8,23,2018-01-20
Name9,SurName9,46,2017-04-15
Name10,SurName10,49,2018-07-06
Name11,SurName11,11,2017-11-27
Name12,SurName12,16,2019-06-23
Name13,SurName13,41,2017-01-06
Name14,SurName14,18,2024-09-15
Name15,SurName15,31,2016-05-13
Name16,SurName16,37,2016-06-03
Name17,SurName17,21,2020-10-17
Name18,SurName18,10,2024-01-24
Name19,SurName19,5,2017-03-06
Name20,SurName20,8,2017-10-31
Name21,SurName21,45,2022-04-26
Name22,SurName22,3,2017-01-05
Name23,SurName23,35,2023-09-12
Name24,SurName24,42,2016-04-19
Name25,SurName25,10,2017-09-12
Name26,SurName26,27,2016-09-17
Name27,SurName27,7,2017-11-25
Name28,SurName28,11,2018-08-01
Name29,SurName29,9,2023-05-19
Name30,SurName30,23,2024-11-29
Name31,SurName31,37,2016-09-01
Name32,SurName32,16,2022-12-28
Name33,SurName33,18,2022-09-14
Name34,SurName34,40,2019-01-13
Name35,SurName35,46,2023-01-11
Name36,SurName36,50,2018-05-23
Name37,SurName37,50,2016-05-21
Name38,SurName38,13,2022-03-17
Name39,SurName39,46,2018-10-27
Name40,SurName40,37,2022-07-29
Name41,SurName41,16,2024-05-15
Name42,SurName42,42,2018-05-01
Name43,SurName43,12,2017-11-03
Name44,SurName44,29,2022-02-12
Name45,SurName45,31,2016-02-04
Name46,SurName46,34,2021-08-05
Name47,SurName47,49,2025-02-11
Name48,SurName48,50,2020-04-02
Name49,SurName49,7,2023-05-20
Name50,SurName50,29,2023-01-02
Name51,SurName51,22,2015-12-03
Name52,SurName52,12,2020-05-12
Name53,SurName53,9,2023-04-23
Name54,SurName54,2,2017-03-16
Name55,SurName55,21,2024-08-01
Name56,SurName56,24,2018-01-14
Name57,SurName57,46,2025-03-08
Name58,SurName58,14,2015-08-03
Name59,SurName59,49,2022-12-25
Name60,SurName60,24,2023-05-11
Name61,SurName61,1,2024-12-17
Name62,SurName62,19,2024-02-16
Name63,SurName63,14,2015-06-29
Name64,SurName64,5,2022-12-06
Name65,SurName65,39,2016-01-14
Name66,SurName66,6,2018-09-26
Name67,SurName67,22,2017-08-29
Name68,SurName68,15,2018-03-21
Name69,SurName69,44,2017-10-08
Name70,SurName70,14,2018-09-27
Name71,SurName71,23,2015-12-02
Name72,SurName72,28,2024-12-15
Name73,SurName73,12,2017-02-10
Name74,SurName74,42,2016-10-16
Name75,SurName75,45,2015-05-05
Name76,SurName76,8,2016-11-19
Name77,SurName77,11,2017-01-10
Name78,SurName78,47,2019-07-31
Name79,SurName79,42,2017-01-02
Name80,SurName80,5,2021-09-14
Name81,SurName81,29,2024-08-06
Name82,SurName82,42,2025-03-28
Name83,SurName83,11,2016-10-30
Name84,SurName84,38,2016-11-21
Name85,SurName85,38,2020-10-03
Name86,SurName86,48,2016-06-21
Name87,SurName87,8,2018-08-31
Name88,SurName88,33,2025-03-16
Name89,SurName89,38,2018-07-26
Name90,SurName90,13,2022-05-29
Name91,SurName91,37,2017-01-03
Name92,SurName92,12,2017-10-25
Name93,SurName93,14,2023-11-04
Name94,SurName94,19,2019-05-02
Name95,SurName95,20,2018-09-02
Name96,SurName96,25,2018-02-07
Name97,SurName97,39,2020-01-31
Name98,SurName98,28,2015-09-06
Name99,SurName99,17,2024-10-11
Name100,SurName100,38,2020-04-27
