Name,SirName,bookingCount,DateJoined
Name1,SirName1,1,2026-12-04
Name2,SirName2,1,2020-12-06
Name3,SirName3,13,2020-08-04
Name4,SirName4,36,2023-06-09
Name5,SirName5,15,2016-03-13
Name6,SirName6,19,2017-08-15
Name7,SirName7,6,2021-06-22
Name8,SirName8,23,2018-01-20
Name9,SirName9,46,2017-04-15
Name10,SirName10,49,2018-07-06
Name11,SirName11,11,2017-11-27
Name12,SirName12,16,2019-06-23
Name13,SirName13,41,2017-01-06
Name14,SirName14,18,2024-09-15
Name15,SirName15,31,2016-05-13
Name16,SirName16,37,2016-06-03
Name17,SirName17,21,2020-10-17
Name18,SirName18,10,2024-01-24
Name19,SirName19,5,2017-03-06
Name20,SirName20,8,2017-10-31
Name21,SirName21,45,2022-04-26
Name22,SirName22,3,2017-01-05
Name23,SirName23,35,2023-09-12
Name24,SirName24,42,2016-04-19
Name25,SirName25,10,2017-09-12
Name26,SirName26,27,2016-09-17
Name27,SirName27,7,2017-11-25
Name28,SirName28,11,2018-08-01
Name29,SirName29,9,2023-05-19
Name30,SirName30,23,2024-11-29
Name31,SirName31,37,2016-09-01
Name32,SirName32,16,2022-12-28
Name33,SirName33,18,2022-09-14
Name34,SirName34,40,2019-01-13
Name35,SirName35,46,2023-01-11
Name36,SirName36,50,2018-05-23
Name37,SirName37,50,2016-05-21
Name38,SirName38,13,2022-03-17
Name39,SirName39,46,2018-10-27
Name40,SirName40,37,2022-07-29
Name41,SirName41,16,2024-05-15
Name42,SirName42,42,2018-05-01
Name43,SirName43,12,2017-11-03
Name44,SirName44,29,2022-02-12
Name45,SirName45,31,2016-02-04
Name46,SirName46,34,2021-08-05
Name47,SirName47,49,2025-02-11
Name48,SirName48,50,2020-04-02
Name49,SirName49,7,2023-05-20
Name50,SirName50,29,2023-01-02
Name51,SirName51,22,2015-12-03
Name52,SirName52,12,2020-05-12
Name53,SirName53,9,2023-04-23
Name54,SirName54,2,2017-03-16
Name55,SirName55,21,2024-08-01
Name56,SirName56,24,2018-01-14
Name57,SirName57,46,2025-03-08
Name58,SirName58,14,2015-08-03
Name59,SirName59,49,2022-12-25
Name60,SirName60,24,2023-05-11
Name61,SirName61,1,2024-12-17
Name62,SirName62,19,2024-02-16
Name63,SirName63,14,2015-06-29
Name64,SirName64,5,2022-12-06
Name65,SirName65,39,2016-01-14
Name66,SirName66,6,2018-09-26
Name67,SirName67,22,2017-08-29
Name68,SirName68,15,2018-03-21
Name69,SirName69,44,2017-10-08
Name70,SirName70,14,2018-09-27
Name71,SirName71,23,2015-12-02
Name72,SirName72,28,2024-12-15
Name73,SirName73,12,2017-02-10
Name74,SirName74,42,2016-10-16
Name75,SirName75,45,2015-05-05
Name76,SirName76,8,2016-11-19
Name77,SirName77,11,2017-01-10
Name78,SirName78,47,2019-07-31
Name79,SirName79,42,2017-01-02
Name80,SirName80,5,2021-09-14
Name81,SirName81,29,2024-08-06
Name82,SirName82,42,2025-03-28
Name83,SirName83,11,2016-10-30
Name84,SirName84,38,2016-11-21
Name85,SirName85,38,2020-10-03
Name86,SirName86,48,2016-06-21
Name87,SirName87,8,2018-08-31
Name88,SirName88,33,2025-03-16
Name89,SirName89,38,2018-07-26
Name90,SirName90,13,2022-05-29
Name91,SirName91,37,2017-01-03
Name92,SirName92,12,2017-10-25
Name93,SirName93,14,2023-11-04
Name94,SirName94,19,2019-05-02
Name95,SirName95,20,2018-09-02
Name96,SirName96,25,2018-02-07
Name97,SirName97,39,2020-01-31
Name98,SirName98,28,2015-09-06
Name99,SirName99,17,2024-10-11
Name100,SirName100,38,2020-04-27
