Title,Description,RemainingCount,ExpirationDate
Title1,Description of item 1,16,2027-03-25
Title2,Description of item 2,76,2025-04-07
Title3,Description of item 3,3,2027-01-13
Title4,Description of item 4,6,2026-02-24
Title5,Description of item 5,48,2026-03-14
Title6,Description of item 6,87,2025-10-03
Title7,Description of item 7,79,2025-09-13
Title8,Description of item 8,24,2026-10-12
Title9,Description of item 9,31,2026-06-15
Title10,Description of item 10,48,2025-06-14
Title11,Description of item 11,89,2025-10-19
Title12,Description of item 12,42,2026-05-21
Title13,Description of item 13,35,2025-10-12
Title14,Description of item 14,60,2026-10-25
Title15,Description of item 15,16,2025-10-15
Title16,Description of item 16,95,2026-03-04
Title17,Description of item 17,47,2026-05-19
Title18,Description of item 18,98,2026-05-24
Title19,Description of item 19,14,2025-12-05
Title20,Description of item 20,12,2026-05-15
Title21,Description of item 21,47,2027-01-16
Title22,Description of item 22,9,2025-12-28
Title23,Description of item 23,52,2027-02-15
Title24,Description of item 24,81,2027-02-20
Title25,Description of item 25,77,2025-05-17
Title26,Description of item 26,55,2025-06-30
Title27,Description of item 27,19,2025-05-17
Title28,Description of item 28,8,2025-05-19
Title29,Description of item 29,96,2026-05-07
Title30,Description of item 30,40,2026-10-04
Title31,Description of item 31,15,2027-02-09
Title32,Description of item 32,14,2026-06-23
Title33,Description of item 33,29,2025-12-15
Title34,Description of item 34,48,2025-06-02
Title35,Description of item 35,15,2026-07-24
Title36,Description of item 36,64,2026-10-23
Title37,Description of item 37,2,2025-10-15
Title38,Description of item 38,46,2025-08-20
Title39,Description of item 39,60,2025-06-30
Title40,Description of item 40,52,2027-01-30
Title41,Description of item 41,55,2027-01-24
Title42,Description of item 42,26,2026-08-21
Title43,Description of item 43,0,2025-08-24
Title44,Description of item 44,71,2026-09-28
Title45,Description of item 45,96,2026-04-02
Title46,Description of item 46,10,2025-12-03
Title47,Description of item 47,64,2025-08-18
Title48,Description of item 48,36,2025-10-19
Title49,Description of item 49,34,2026-05-20
Title50,Description of item 50,5,2025-06-18
Title51,Description of item 51,94,2027-01-05
Title52,Description of item 52,8,2025-07-12
Title53,Description of item 53,51,2026-10-19
Title54,Description of item 54,38,2026-05-26
Title55,Description of item 55,51,2025-09-14
Title56,Description of item 56,25,2026-03-29
Title57,Description of item 57,44,2025-12-03
Title58,Description of item 58,98,2026-07-06
Title59,Description of item 59,99,2026-05-24
Title60,Description of item 60,15,2026-10-17
Title61,Description of item 61,83,2026-10-23
Title62,Description of item 62,94,2025-06-06
Title63,Description of item 63,67,2027-02-27
Title64,Description of item 64,42,2026-01-03
Title65,Description of item 65,39,2026-09-29
Title66,Description of item 66,51,2025-05-18
Title67,Description of item 67,46,2025-08-11
Title68,Description of item 68,5,2027-02-24
Title69,Description of item 69,27,2027-02-01
Title70,Description of item 70,78,2026-06-28
Title71,Description of item 71,10,2025-04-25
Title72,Description of item 72,59,2025-06-05
Title73,Description of item 73,32,2025-04-21
Title74,Description of item 74,89,2026-10-16
Title75,Description of item 75,94,2025-10-24
Title76,Description of item 76,96,2026-01-17
Title77,Description of item 77,71,2026-10-12
Title78,Description of item 78,52,2025-06-11
Title79,Description of item 79,21,2025-12-25
Title80,Description of item 80,25,2026-01-01
Title81,Description of item 81,10,2026-11-26
Title82,Description of item 82,0,2026-11-15
Title83,Description of item 83,52,2026-08-03
Title84,Description of item 84,34,2025-05-23
Title85,Description of item 85,49,2026-02-05
Title86,Description of item 86,83,2025-06-18
Title87,Description of item 87,14,2026-04-02
Title88,Description of item 88,70,2026-08-25
Title89,Description of item 89,83,2025-12-04
Title90,Description of item 90,18,2026-10-20
Title91,Description of item 91,18,2027-03-20
Title92,Description of item 92,44,2025-03-31
Title93,Description of item 93,91,2026-03-23
Title94,Description of item 94,34,2025-08-20
Title95,Description of item 95,18,2026-10-29
Title96,Description of item 96,8,2027-02-28
Title97,Description of item 97,68,2027-01-17
Title98,Description of item 98,54,2025-04-15
Title99,Description of item 99,46,2026-01-04
Title100,Description of item 100,38,2026-08-09
